position_id,asset_class,name,ticker,sector,country,currency,market_value,notional,duration,convexity,spread_sensitivity,pd,lgd,beta,delta
L001,loan,Term loan - industrial,,Industrials,US,USD,45000000,,3.2,,,0.020,0.45,,
L002,loan,Revolver - energy,,Energy,US,USD,32000000,,2.1,,,0.030,0.40,,
L003,loan,Syndicated loan - retail,,Consumer,UK,GBP,28000000,,3.8,,,0.025,0.50,,
L004,loan,Term loan - utilities,,Utilities,US,USD,38000000,,4.5,,,0.010,0.35,,
L005,loan,Trade finance - exporter,,Industrials,IN,INR,18000000,,1.2,,,0.040,0.55,,
L006,loan,Acquisition finance - tech,,Technology,US,USD,52000000,,5.0,,,0.035,0.45,,
B001,bond,US Treasury 10Y,,Government,US,USD,40000000,,8.2,75,0,,,,
B002,bond,Corporate bond - bank,JPM,Financials,US,USD,25000000,,5.6,38,1.0,,,,
B003,bond,Corporate bond - energy,XOM,Energy,US,USD,22000000,,6.8,52,1.0,,,,
B004,bond,Euro corporate bond,,Industrials,FR,EUR,18000000,,4.9,30,1.0,,,,
B005,bond,Bund 5Y,,Government,DE,EUR,30000000,,4.6,25,0,,,,
B006,bond,Corporate bond - tech,MSFT,Technology,US,USD,20000000,,7.1,60,1.0,,,,
E001,equity,Apple,AAPL,Technology,US,USD,15000000,,,,,,,1.15,
E002,equity,JPMorgan,JPM,Financials,US,USD,12000000,,,,,,,1.10,
E003,equity,Exxon Mobil,XOM,Energy,US,USD,9000000,,,,,,,0.95,
E004,equity,Johnson & Johnson,JNJ,Healthcare,US,USD,8000000,,,,,,,0.65,
E005,equity,Walmart,WMT,Consumer,US,USD,7000000,,,,,,,0.55,
E006,equity,Nvidia,NVDA,Technology,US,USD,10000000,,,,,,,1.70,
D001,derivative,Equity index call,,Index,US,USD,1800000,60000000,,,,,,,0.55
D002,derivative,Equity index put,,Index,US,USD,2200000,50000000,,,,,,,-0.40
D003,derivative,Single stock call - NVDA,NVDA,Technology,US,USD,900000,15000000,,,,,,,0.60
D004,derivative,Single stock put - JPM,JPM,Financials,US,USD,700000,12000000,,,,,,,-0.35
